No,Judul,Tahun,Jurnal,DOI,Status_Final,Dataset,Preprocessing,Clustering_Metode,Evaluasi,Gap_vs_Kita,Catatan
12,Tool condition monitoring method by anomaly segmentation of time-frequency images using acoustic emission in small hole drilling,2023,"Journal of Advanced Mechanical Design, Systems and Manufacturing",10.1299/jamdsm.2023jamdsm0034,Final-8 (sintesis + gap + pustaka),"AE peck drilling SKD61, holes to ~3869","CWT time-frequency images, deep features",DDM MVG anomaly segmentation vs CAE,anomaly scores and maps; none Silhouette/DBI,Single-sensor lab -> kita multivariat lapangan,Open-access drilling AE unsupervised with CWT features
14,Unsupervised deep learning framework for early detection of wellbore trajectory deviation in drilling operations,2026,Frontiers in Artificial Intelligence,10.3389/frai.2026.1942787,Final-8 (sintesis + gap + pustaka),single-well depth-series 12 logs GR/Vsh/resistivity/sonic/density/porosity,"interpolation short gaps, normalization, fixed depth windows len 50",,"recon error, precision/recall/F1/AUC; no Silhouette/DBI/elbow",Depth-series + tanpa banding scaler -> kita sensor permukaan 1 Hz + studi scaler,Direct drilling unsupervised framework; publisher full text verified
60,STADe: An unsupervised time-windows method of detecting anomalies in oil and gas Industrial Cyber-Physical Systems (ICPS) networks,2025,International Journal of Critical Infrastructure Protection,10.1016/j.ijcip.2025.100762,Final-8 (sintesis + gap + pustaka),wellhead ICPS packet inter-arrival testbed traces,sliding time-window; periodicity inter-arrival feature,STADe unsupervised vs KNN/IF/LOF,F1 0.97/0.923/0.8; zero FP,"Data paket jaringan, bukan sensor fisik rig -> kita sensor fisik","Hybrid OA; HTML blocked, abstract plus repository metadata"
61,Feature-based time series clustering for efficient labelling of geothermal data,2026,Geothermics,10.1016/j.geothermics.2026.103656,Final-8 (sintesis + gap + pustaka),Wairakei binary plant temp-difference/flow time series,13 of 1588 features self-supervised selection,nine algorithms incl k-Means/MeanShift/GMM/DBSCAN,SIL 0.66; CHI 1647; iDBI 2.48 (DBI 0.40),"Single-plant, tanpa studi scaler x window -> kita 8-sensor + scaler x window + Sil/DBI","Hybrid OA; HTML blocked, abstract plus metadata basis"
77,Research on an intelligent drilling parameter optimization method using sliding window segmentation based on the hydraulic-mechanical specific energy model,2026,PLOS ONE,10.1371/journal.pone.0339324,Final-8 (sintesis + gap + pustaka),7231 samples 4 wells Zhanghai; WOB/RPM/torque/flow/ROP depth-series,RF imputation; 3S/K-means/LOF fusion; Savitzky-Golay; sliding window,,RMSE drops all params; ROP accuracy 70/90%; no Silhouette,Supervised optimization -> kita regime discovery label-free,PLOS ONE full-text HTML accessible
79,Anomaly Detection in Geothermal Steam Production Time Series Using Singular Spectrum Analysis †,2025,Engineering Proceedings,10.3390/engproc2025107024,Final-8 (sintesis + gap + pustaka),9 geothermal wells; 5-min steam production; 14 years,Butterworth low-pass denoising; NMS peak aggregation,,F1/ROC/PR threshold tuning; no Silhouette/DBI/elbow,Univariat steam -> kita multivariat 8-sensor,MDPI 403; methods via indexed full-text snippets
80,A comprehensive machine learning workflow for classifying production profiles in unconventional reservoirs,2026,Energy Exploration and Exploitation,10.1177/01445987261433779,Final-8 (sintesis + gap + pustaka),189 Permian wells; production + completion/geology features,completion-length normalization; MRMR/VIF/RFE selection; MDS,,elbow + Calinski-Harabasz k=2; RF accuracy 97.5%,Fitur statis + supervised -> kita temporal window,SAGE 403; methods via mirror full-text snippets
131,Oil and gas flow anomaly detection on offshore naturally flowing wells using deep neural networks,2024,Geoenergy Science and Engineering,10.1016/j.geoen.2024.213240,Final-8 (sintesis + gap + pustaka),3W Petrobras 21 wells 2012-2018 multivariate flow series,"forward-fill missing, standardise, downsample 1min, window 30, SMOTE",,F1 0.97; no Silhouette/DBI/elbow,Butuh label (supervised) -> kita unsupervised,"Supervised well-flow contrast; strong preprocessing, no clustering metrics"
7,External factors driving surface temperature changes above geothermal systems: answers from deep learning,2024,Frontiers in Earth Science,10.3389/feart.2024.1372621,Backup-standby,Vulcano 2020; 7 sensors Th/T0/meteo; 1-10 min sampling,"min-max scaling [-3,3]; optional decomposition; gaps reported",,precision/recall/F0.5; none of k/Silhouette/DBI/elbow,Supervised + tanpa clustering -> tersisih oleh No.79,Frontiers full-text HTML accessible
54,Toward basin-agnostic well log imputation and anomaly detection via a pre-trained time-series foundation model,2026,Energy Geoscience,10.1016/j.engeos.2026.100536,Backup-standby,Groningen multi-log GR/resistivity/density/neutron/sonic,TimeGPT imputation; zero-shot; conformal intervals,TimeGPT foundation-model anomaly detection,MAE 0.02-0.32%; 93% conformal coverage,"Foundation model, jauh dari K-Means -> tersisih oleh No.14","Diamond OA; HTML bot-blocked, abstract plus metadata basis"
57,Anomaly detection with domain specific shapelet learning for sucker rod pump system,2025,Scientific Reports,10.1038/s41598-025-11945-4,Backup-standby,"single-well motor power 250pts per stroke, 35 train/116 test",shapelet feature extraction; L2 similarity; ADMM sparsity,AD-DSL one-class shapelet plus classifier,accuracy/F1 vs baselines; runtime comparison,Pompa tunggal -> tersisih oleh No.60,Nature full HTML verified
67,Data-Driven Time-Series Modeling for Intelligent Extraction of Reservoir Development Indicators,2025,Energies,10.3390/en18215753,Backup-standby,Offshore oilfield wells; daily oil/water-cut production time-series,3-Sigma + OC-SVM cascade outlier removal; monthly averaging,,SSE/MSE/MAE/RMSE/R2; <10% fitting error,Produksi agregat + tanpa clustering -> tersisih oleh No.80,MDPI 403; methods via indexed full-text snippets
74,Anomaly Detection in Borehole Strain Data with CNN and Frequency-Aware VAE,2025,Journal of Advanced Computational Intelligence and Intelligent Informatics,10.20965/jaciii.2025.p1390,Backup-standby,Borehole strain time-series; 6 components (S1-S4/S13/S24),z-normalization; linear interpolation; sliding-window FFT; augmentation,,reconstruction error vs SOTA; none of Silhouette/DBI/elbow,Strain seismik + VAE -> tersisih oleh No.14,J-STAGE abstract + PDF snippets; DOI 429
143,Reference station-based transfer learning for earthquake anomaly extraction from borehole strain data related to two earthquakes in China,2026,Big Earth Data,10.1080/20964471.2025.2581423,Backup-standby,"borehole strain multi-station, 2 China earthquakes","segmented SVMD, TimesNet temporal features, multidomain",,anomaly counts vs distance; no Silhouette/DBI/elbow,"Gempa, bukan operasi rig -> tersisih","Transfer-learned normal strain; abstract verified, T&F HTML blocked"
156,Research on Vibration Signal Processing and Fault Diagnosis Algorithms for High-Pressure Quintuplex Pumps,2026,Sensors,10.3390/s26154917,Backup-standby,quintuplex pump vibration multi-condition dataset,"VMD-FastICA, angular resampling, normalization, GAF-RP",,cross-condition acc 87.4%; no Silhouette/DBI/elbow,Supervised diagnosis pompa -> tersisih oleh No.12,"Drilling-pump unsupervised GMM; MDPI HTML blocked, abstract verified"
161,Clustering analysis for predictive maintenance of oil wells in Kazakhstan,2026,SOCAR Proceedings,10.5510/OGP20260101153,"Final-9 (penguat k-Means, Batch-2 conditional)",">3 jt entri 2 tahun, harian oil/liquid/water-cut","normalization, outlier handling, correlation analysis",K-means unsupervised,"Elbow K=10, stabilitas temporal 70%","Data produksi harian agregat (bukan sensor 1 Hz), tanpa studi scaler x window -> kita sensor 1 Hz + scaler x window","Jangkar k-Means ke-2 + Elbow; DOI redirect inkonsisten, terverifikasi Satbayev repo + Scopus 105034863083"
