Batch,No,Title,Year,Source,DOI,DOI_URL,Decision_Pass1,Reason_Pass1,Notes_preproc_method
1,10,Stuck Pipe Detection in Oil and Gas Drilling Operations Using Deep Learning Autoencoder for Anomaly Diagnosis,2025,Applied Sciences (Switzerland),10.3390/app15095042,https://doi.org/10.3390/app15095042,Include,domain+method,Drilling time-series autoencoder stuck pipe anomaly detection
1,107,Establishment of leakage detection model for oil and gas pipeline based on VMD-MD-1DCNN,2022,Engineering Research Express,10.1088/2631-8695/ac769e,https://doi.org/10.1088/2631-8695/ac769e,Maybe,needs-fulltext,Pipeline signals; supervised 1DCNN denoising and recognition
1,109,Research on the extraction of pre-seismic anomalies in borehole strain data of the Maduo earthquake based on the SVMD-Informer model,2025,Natural Hazards and Earth System Sciences,10.5194/nhess-25-3603-2025,https://doi.org/10.5194/nhess-25-3603-2025,Include,domain+method,Borehole strain SVMD-Informer prediction-based anomaly detection
1,111,"Textural and Petrophysical Controls on Reservoir Quality: Insights from the Szentes Geothermal Field, Hungary",2026,Energies,10.3390/en19071688,https://doi.org/10.3390/en19071688,Include,geothermal+clustering,Geothermal borehole facies clusters via hierarchical clustering
1,117,Monitoring seismicity triggered by geothermal site shutdown with a surface DAS array at Brady Hot Springs,2023,Geophysical Journal International,10.1093/gji/ggad333,https://doi.org/10.1093/gji/ggad333,Include,geothermal DAS + detection clustering,Brady DAS neural detection clustering outlier removal
1,12,Tool condition monitoring method by anomaly segmentation of time-frequency images using acoustic emission in small hole drilling,2023,"Journal of Advanced Mechanical Design, Systems and Manufacturing",10.1299/jamdsm.2023jamdsm0034,https://doi.org/10.1299/jamdsm.2023jamdsm0034,Include,drilling+anomaly-detection,Acoustic-emission anomaly detection during small-hole drilling
1,123,Improved well logs clustering algorithm for shale gas identification and formation evaluation,2021,Acta Geodaetica et Geophysica,10.1007/s40328-021-00358-0,https://doi.org/10.1007/s40328-021-00358-0,Include,shale well logs + robust K-means clustering,Wireline mud-logging Cauchy-weighted K-means depth-series
1,131,Oil and gas flow anomaly detection on offshore naturally flowing wells using deep neural networks,2024,Geoenergy Science and Engineering,10.1016/j.geoen.2024.213240,https://doi.org/10.1016/j.geoen.2024.213240,Maybe,needs-fulltext,"Oil-well flow anomaly detection with GRU, supervision unclear"
1,14,Unsupervised deep learning framework for early detection of wellbore trajectory deviation in drilling operations,2026,Frontiers in Artificial Intelligence,10.3389/frai.2026.1942787,https://doi.org/10.3389/frai.2026.1942787,Include,domain+method,Drilling wellbore unsupervised LSTM autoencoder GNN framework
1,143,Reference station-based transfer learning for earthquake anomaly extraction from borehole strain data related to two earthquakes in China,2026,Big Earth Data,10.1080/20964471.2025.2581423,https://doi.org/10.1080/20964471.2025.2581423,Include,domain+method,Borehole strain anomaly extraction transfer learned normal patterns
1,156,Research on Vibration Signal Processing and Fault Diagnosis Algorithms for High-Pressure Quintuplex Pumps,2026,Sensors,10.3390/s26154917,https://doi.org/10.3390/s26154917,Include,drilling+unsupervised,Unsupervised vibration diagnosis for drilling pumps with GMM
1,166,Optimization of Oil and Gas Pipeline Leakage Data and Defect Identification Based on Graph Neural Processing,2025,Annals of Data Science,10.1007/s40745-025-00619-7,https://doi.org/10.1007/s40745-025-00619-7,Maybe,needs-fulltext,"Pipeline pressure/flow GNN defect recognition, supervision unclear"
1,17,Automatic calibration of wellbore pressure wave velocity using perforation-induced shock waves,2026,Scientific Reports,10.1038/s41598-026-45490-5,https://doi.org/10.1038/s41598-026-45490-5,Maybe,needs-fulltext,"Wellbore pressure wave signals; physics-based, no clear clustering"
1,175,Drone-Based Statistical Detection of Methane Anomalies Around Abandoned Oil and Gas Well Sites,2026,Sensors,10.3390/s26072205,https://doi.org/10.3390/s26072205,Include,domain+method,Drone methane sensor at well sites; statistical anomaly detection
1,26,Localization of Thermal Wellbore Defects Using Machine Learning,2022,"Journal of Energy Resources Technology, Transactions of the ASME",10.1115/1.4053516,https://doi.org/10.1115/1.4053516,Include,domain+method,Wellbore thermal sensors; mean-shift clustering plus classification
1,43,Enhanced anomaly detection in well log data through the application of ensemble GANs,2026,Applied Computing and Geosciences,10.1016/j.acags.2025.100316,https://doi.org/10.1016/j.acags.2025.100316,Include,well logs + ensemble GANs GMM anomaly detection,Gamma density neutron logs ensemble GANs vs GMM
1,54,Toward basin-agnostic well log imputation and anomaly detection via a pre-trained time-series foundation model,2026,Energy Geoscience,10.1016/j.engeos.2026.100536,https://doi.org/10.1016/j.engeos.2026.100536,Include,well-log+anomaly-detection,Foundation-model well-log imputation and anomaly detection
1,57,Anomaly detection with domain specific shapelet learning for sucker rod pump system,2025,Scientific Reports,10.1038/s41598-025-11945-4,https://doi.org/10.1038/s41598-025-11945-4,Include,domain+method,Sucker rod pump motor power series; unsupervised shapelet anomaly detection
1,58,Machine Learning in Oil and Gas Exploration: A Review,2024,IEEE Access,10.1109/ACCESS.2023.3349216,https://doi.org/10.1109/ACCESS.2023.3349216,Maybe,needs-fulltext,Oil gas ML review mentions clustering tasks
1,60,STADe: An unsupervised time-windows method of detecting anomalies in oil and gas Industrial Cyber-Physical Systems (ICPS) networks,2025,International Journal of Critical Infrastructure Protection,10.1016/j.ijcip.2025.100762,https://doi.org/10.1016/j.ijcip.2025.100762,Include,oil-gas+unsupervised,Unsupervised sliding-window anomaly detection on wellhead monitoring data
1,61,Feature-based time series clustering for efficient labelling of geothermal data,2026,Geothermics,10.1016/j.geothermics.2026.103656,https://doi.org/10.1016/j.geothermics.2026.103656,Include,geothermal plant sensors + time-series clustering,Wairakei temperature flow time-series nine algorithms
1,67,Data-Driven Time-Series Modeling for Intelligent Extraction of Reservoir Development Indicators,2025,Energies,10.3390/en18215753,https://doi.org/10.3390/en18215753,Include,domain+method,Offshore production time-series; OC-SVM unsupervised outlier detection
1,7,External factors driving surface temperature changes above geothermal systems: answers from deep learning,2024,Frontiers in Earth Science,10.3389/feart.2024.1372621,https://doi.org/10.3389/feart.2024.1372621,Include,domain+method,Geothermal temperature time-series anomaly detection with DITAN
1,74,Anomaly Detection in Borehole Strain Data with CNN and Frequency-Aware VAE,2025,Journal of Advanced Computational Intelligence and Intelligent Informatics,10.20965/jaciii.2025.p1390,https://doi.org/10.20965/jaciii.2025.p1390,Include,domain+method,Borehole strain sensor time-series; CNN-VAE unsupervised anomaly detection
1,77,Research on an intelligent drilling parameter optimization method using sliding window segmentation based on the hydraulic-mechanical specific energy model,2026,PLOS ONE,10.1371/journal.pone.0339324,https://doi.org/10.1371/journal.pone.0339324,Include,drilling sensors + sliding-window anomaly detection,ROP WOB rotary sliding-window anomaly optimization
1,79,Anomaly Detection in Geothermal Steam Production Time Series Using Singular Spectrum Analysis †,2025,Engineering Proceedings,10.3390/engproc2025107024,https://doi.org/10.3390/engproc2025107024,Include,geothermal+anomaly-detection,SSA anomaly detection on geothermal steam production series
1,80,A comprehensive machine learning workflow for classifying production profiles in unconventional reservoirs,2026,Energy Exploration and Exploitation,10.1177/01445987261433779,https://doi.org/10.1177/01445987261433779,Include,Permian wells production + K-Means clustering,K-Means production profiles oil wells time-series
1,9,Understanding drivers of oil and gas well integrity issues in the greater wattenberg area of Colorado,2025,International Journal of Greenhouse Gas Control,10.1016/j.ijggc.2024.104296,https://doi.org/10.1016/j.ijggc.2024.104296,Maybe,needs-fulltext,Well pressure supervised trees domain contrast check
2-conditional,101,Real-Time Sand Transport Detection in an Offshore Hydrocarbon Well Using Distributed Acoustic Sensing-Based VSP Technology: Field Data Analysis and Operational Insights,2026,Technologies,10.3390/technologies14030175,https://doi.org/10.3390/technologies14030175,Maybe,needs-fulltext,"DAS well sand monitoring, clustering unclear full-text"
2-conditional,110,A semblance-based microseismic event detector for DAS data,2024,Geophysical Journal International,10.1093/gji/ggae016,https://doi.org/10.1093/gji/ggae016,Include,domain+method,FORGE Utah DAS seismic sensors; coherence event detection with clustering
2-conditional,112,Probabilistic condition monitoring of azimuth thrusters based on acceleration measurements,2021,Machines,10.3390/machines9020039,https://doi.org/10.3390/machines9020039,Include,drilling+anomaly-detection,Thruster vibration anomaly monitoring on drill ships
2-conditional,114,Hybrid Machine Learning-Based Fault-Tolerant Sensor Data Fusion and Anomaly Detection for Fire Risk Mitigation in IIoT Environment,2025,Sensors,10.3390/s25072146,https://doi.org/10.3390/s25072146,Include,domain+method,Oil/gas IIoT fire sensors; anomaly detection and fusion
2-conditional,118,Improving Subsurface Characterisation with ‘Big Data’ Mining and Machine Learning,2022,Energies,10.3390/en15031070,https://doi.org/10.3390/en15031070,Include,reservoir wells + clustering SOM,Basin-scale clustering missing noisy data workflow
2-conditional,119,Monitoring IoT and Robotics Data for Sustainable Agricultural Practices Using a New Edge–Fog–Cloud Architecture †,2026,Computers,10.3390/computers15010032,https://doi.org/10.3390/computers15010032,Maybe,needs-fulltext,Agri IoT data architecture; no clustering method shown
2-conditional,120,ALSTMResNet: Active-Learning-Enhanced LSTMResNet as an Efficiency-Oriented Training Framework for Well Anomaly Monitoring Under Partial Labels,2026,Processes,10.3390/pr14152381,https://doi.org/10.3390/pr14152381,Maybe,needs-fulltext,"Oil-well anomaly monitoring; supervised LSTM, clustering unclear"
2-conditional,125,"Systematic review of fiber-optic distributed acoustic sensing: advancements, applications, and challenges",2025,Optical Fiber Technology,10.1016/j.yofte.2025.104293,https://doi.org/10.1016/j.yofte.2025.104293,Maybe,needs-fulltext,DAS fiber-optic sensing review across pipeline and seismic uses
2-conditional,133,Real-Time Structural Health Assessment of a Cascade Dam Group Utilizing Monitoring Data and Ordered Entropy,2026,Structural Control and Health Monitoring,10.1155/stc/4274587,https://doi.org/10.1155/stc/4274587,Include,dam monitoring sensors + DBSCAN,Monitoring data Apriori-DBSCAN PCA health assessment
2-conditional,135,PARMA-CC: A family of parallel multiphase approximate cluster combining algorithms,2023,Journal of Parallel and Distributed Computing,10.1016/j.jpdc.2023.02.001,https://doi.org/10.1016/j.jpdc.2023.02.001,Include,sensor+clustering,Parallel clustering for high-rate sensor data volumes
2-conditional,138,Universal Representations for Well-Logging Data via Ensembling of Self-Supervised Models,2024,Doklady Mathematics,10.1134/S1064562424602257,https://doi.org/10.1134/S1064562424602257,Include,well logs + self-supervised clustering,Oil gas logs self-supervised VAE clustering evaluation
2-conditional,142,Development of a Hybrid IIoT-Deep Learning-Based System for Predictive Maintenance of Industrial Steam Boilers,2026,Sci,10.3390/sci8070149,https://doi.org/10.3390/sci8070149,Include,domain+method,Industrial boiler multivariate time-series anomaly detection transferable
2-conditional,144,Training deep learning models with a multi-station approach and static aquifer attributes for groundwater level simulation: what is the best way to leverage regionalised information?,2025,Hydrology and Earth System Sciences,10.5194/hess-29-841-2025,https://doi.org/10.5194/hess-29-841-2025,Include,groundwater level sensors + clustering,GWL time-series spectral clustering aids LSTM
2-conditional,147,Spectrogram-driven unsupervised autoencoder with isolation forest and one-class SVM for lab-scale wind turbine blade fault detection,2026,Energy and AI,10.1016/j.egyai.2026.100681,https://doi.org/10.1016/j.egyai.2026.100681,Include,domain+method,Wind vibration unsupervised autoencoder Isolation Forest OCSVM
2-conditional,15,One Class Fault Detection in Rotating Machinery Using Distributional Features from Triggered Acoustic Emission Data,2026,Electronics (Switzerland),10.3390/electronics15102105,https://doi.org/10.3390/electronics15102105,Include,domain+method,Acoustic emission one-class anomaly detection Isolation Forest LOF
2-conditional,150,Unsupervised clustering of catalogue-driven features for characterizing temporal evolution of labquake stress,2024,Geophysical Journal International,10.1093/gji/ggae071,https://doi.org/10.1093/gji/ggae071,Include,AE catalogue + K-means clustering,Labquake AE features K-means geothermal relevant
2-conditional,153,Essential time series characteristics for human motion analysis based on Self-Organizing Map clustering,2026,Acta Gymnica,10.5507/ag.2026.004,https://doi.org/10.5507/ag.2026.004,Include,inertial sensors + SOM clustering,Accelerometer gyroscope time-series SOM transferable method
2-conditional,154,Unsupervised learning from three-component accelerometer data to monitor the spatiotemporal evolution of meso-scale hydraulic fractures,2022,International Journal of Rock Mechanics and Mining Sciences,10.1016/j.ijrmms.2022.105046,https://doi.org/10.1016/j.ijrmms.2022.105046,Include,EGS accelerometer + density clustering,Single accelerometer manifold density fracture monitoring
2-conditional,158,Data-Augmented Deep Learning for Downhole Depth Sensing and Validation,2026,Sensors,10.3390/s26030775,https://doi.org/10.3390/s26030775,Maybe,needs-fulltext,Downhole CCL sensor waveforms; supervised collar recognition
2-conditional,16,Application-Oriented Data Analytics in Large-Scale Metal Sheet Bending,2023,Applied Sciences (Switzerland),10.3390/app132413187,https://doi.org/10.3390/app132413187,Include,industrial-sensor+clustering,K-medoids clustering of metal-forming time-series signals
2-retrieved,161,CLUSTERING ANALYSIS FOR PREDICTIVE MAINTENANCE OF OIL WELLS IN KAZAKHSTAN,2026,SOCAR Proceedings,10.5510/OGP20260101153,https://doi.org/10.5510/OGP20260101153,Include,oil wells production + K-means clustering | Pass2: Include slot-method-kmeans,Daily production K-means predictive maintenance clustering
2-conditional,169,A two-step machine learning approach for predictive maintenance and anomaly detection in environmental sensor systems,2025,MethodsX,10.1016/j.mex.2025.103181,https://doi.org/10.1016/j.mex.2025.103181,Include,domain+method,Environmental sensor telemetry; Isolation Forest unsupervised anomaly labeling
2-conditional,171,"Small-Magnitude Seismic Swarms in Central Utah (US): Interactions of Regional Tectonics, Local Structures and Hydrothermal Systems",2023,"Geochemistry, Geophysics, Geosystems",10.1029/2023GC010867,https://doi.org/10.1029/2023GC010867,Include,geothermal+clustering,Utah geothermal seismic swarms with waveform-based clustering
2-conditional,173,"Analysis method and indicator optimization of astronomical cycles in lacustrine fine-grained sedimentary strata-a case study of the Es4scs in well niuye 1, Dongying Sag, Jiyang Depression, Bohai Bay Basin",2026,Geomechanics and Geophysics for Geo-Energy and Geo-Resources,10.1007/s40948-026-01154-2,https://doi.org/10.1007/s40948-026-01154-2,Maybe,needs-fulltext,Well-log time-series cyclostratigraphy; clustering method unclear
2-conditional,28,"Machine-Learning-Based Integrated Mining Big Data and Multi-Dimensional Ore-Forming Prediction: A Case Study of Yanshan Iron Mine, Hebei, China",2025,Applied Sciences (Switzerland),10.3390/app15084082,https://doi.org/10.3390/app15084082,Include,domain+method,Mine drilling and spectral data; SOM clustering present
2-conditional,30,A Deep Learning Based Data Recovery Approach for Missing and Erroneous Data of IoT Nodes,2023,Sensors,10.3390/s23010170,https://doi.org/10.3390/s23010170,Include,domain+method,IoT hydraulic rig time-series; clustering plus ST-LSTM recovery
2-conditional,32,Automated 3D Multivariate Domaining of a Mine Tailings Deposit Using a Continuity-Aware Geostatistical–AI Workflow,2025,Minerals,10.3390/min15121249,https://doi.org/10.3390/min15121249,Include,tailings drillholes + k-means GMM workflow,Depth-sequence drillhole clustering with preprocessing
2-conditional,49,Learning from nighttime observations of gas flaring in north dakota for better decision and policy making,2021,Remote Sensing,10.3390/rs13050941,https://doi.org/10.3390/rs13050941,Include,flaring satellite sensor + GMM Gaussian-process,VIIRS flaring time-series GP GMM unsupervised
2-conditional,50,Early Leak Recognition and Classification in Two-Phase Flow Systems Based on Machine Learning Using Dynamic Pressure Signals,2026,IEEE Open Journal of Instrumentation and Measurement,10.1109/OJIM.2026.3706192,https://doi.org/10.1109/OJIM.2026.3706192,Maybe,needs-fulltext,"Pipeline pressure signals; supervised leak classifiers, sliding windows"
2-conditional,51,The application of the CNN-BiLSTM-TPA model based on deep learning in porosity prediction,2026,Journal of Geophysics and Engineering,10.1093/jge/gxaf141,https://doi.org/10.1093/jge/gxaf141,Maybe,needs-fulltext,"Supervised porosity prediction from well logs, domain reference"
2-conditional,56,Multivariate Simulation in Non-Stationary Domains: A Framework for Accurate Data Reproduction,2025,Minerals,10.3390/min15111145,https://doi.org/10.3390/min15111145,Include,drillholes + GMM outlier detection,Core RC drillholes GMM PPMT simulation framework
2-conditional,62,Integrating Two-Tier Optimization Algorithm With Convolutional Bi-LSTM Model for Robust Anomaly Detection in Autonomous Vehicles,2025,IEEE Access,10.1109/ACCESS.2024.3523539,https://doi.org/10.1109/ACCESS.2024.3523539,Include,vehicle sensors + anomaly detection,Autonomous vehicle sensor anomaly detection transferable
2-conditional,66,One-class unsupervised deep autoencoder framework for multi-defect detection and localization in aluminum plates,2026,Results in Engineering,10.1016/j.rineng.2026.111829,https://doi.org/10.1016/j.rineng.2026.111829,Include,sensor+unsupervised,Unsupervised autoencoder anomaly detection on acoustic sensor signals
2-conditional,68,Regional scale evaluation of nitrate fluctuations in groundwater using cluster analysis and standardised hydrometeorological indices,2024,Journal of Hydrology,10.1016/j.jhydrol.2024.131052,https://doi.org/10.1016/j.jhydrol.2024.131052,Include,groundwater nitrate time-series + K-means,96 nitrate series hierarchical K-means clustering
2-conditional,69,A Machine Learning Workflow to Support the Identification of Subsurface Resource Analogs,2024,Energy Exploration and Exploitation,10.1177/01445987231210966,https://doi.org/10.1177/01445987231210966,Include,subsurface wells + DBSCAN clustering,Well analogs DBSCAN multivariate spatial workflow
2-conditional,8,AI-Supported Process Monitoring in Machining In-Process Quality Assurance of Inhomogeneous Materials Using Feature-Based Machine Learning Methods; [KI-gestützte Prozessüberwachung in der spanenden Fertigung - In-Prozess-Qualitäts-sicherung von inhomogenen Materialien mittels merkmalsbasierter Machine-Learning-Methoden],2025,ZWF Zeitschrift fuer Wirtschaftlichen Fabrikbetrieb,10.1515/zwf-2024-0136,https://doi.org/10.1515/zwf-2024-0136,Include,domain+method,Milling acceleration/force sensors; anomaly detection and classification
2-conditional,81,High-Dimensional Mapping Entropy Method and Its Application in the Fault Diagnosis of Reciprocating Compressors,2023,Applied Sciences (Switzerland),10.3390/app132413084,https://doi.org/10.3390/app132413084,Include,domain+method,Reciprocating compressor signals; entropy features plus pattern recognition
2-conditional,82,Automatic classification with an autoencoder of seismic signals on a distributed acoustic sensing cable,2023,Computers and Geotechnics,10.1016/j.compgeo.2022.105223,https://doi.org/10.1016/j.compgeo.2022.105223,Include,FORGE DAS seismic + autoencoder GMM clustering,Same FORGE site autoencoder GMM seismic signals
2-conditional,86,Intelligent fault diagnosis for rotating machinery based on potential energy feature and adaptive transfer affinity propagation clustering,2021,Measurement Science and Technology,10.1088/1361-6501/abfef5,https://doi.org/10.1088/1361-6501/abfef5,Include,domain+method,Rotating machinery vibration affinity propagation clustering method
2-conditional,89,Evident Dependence of Dynamics of Baseflow on Groundwater Across the Contiguous United States,2026,Water Resources Research,10.1029/2025WR042225,https://doi.org/10.1029/2025WR042225,Maybe,needs-fulltext,"Groundwater discharge time-series, clustering method unclear"
2-conditional,91,Investigating the origin of azimuthal site-response variability using KiK-net data: a twofold spectral ratio approach,2026,"Earth, Planets and Space",10.1186/s40623-026-02494-9,https://doi.org/10.1186/s40623-026-02494-9,Include,domain+method,KiK-net seismic sensor arrays; Gaussian mixture clustering of peaks
2-conditional,98,"Channelized, distributed, and disconnected: Spatial structure and temporal evolution of the subglacial drainage under a valley glacier in the Yukon",2023,Cryosphere,10.5194/tc-17-761-2023,https://doi.org/10.5194/tc-17-761-2023,Include,borehole pressure sensors + clustering,157 pressure sensors water-pressure record clustering
