No,Judul,Tahun,Jurnal,DOI,Keputusan,Kategori_Alasan,Alasan_Detail,Prioritas_Fulltext
164,3D clustering of gene expression data from systemic autoinflammatory diseases using self-organizing maps (Clust3D),2024,Computational and Structural Biotechnology Journal,10.1016/j.csbj.2024.05.003,Exclude,E1 Off-topic (tak ada transfer ke sensor industri),"E1 | Medical gene expression, no industrial sensor transfer",-
69,A Machine Learning Workflow to Support the Identification of Subsurface Resource Analogs,2024,Energy Exploration and Exploitation,10.1177/01445987231210966,Include,OK Inklusi-awal (domain + metode),subsurface wells + DBSCAN clustering | Well analogs DBSCAN multivariate spatial workflow,P2-transfer
80,A comprehensive machine learning workflow for classifying production profiles in unconventional reservoirs,2026,Energy Exploration and Exploitation,10.1177/01445987261433779,Include,OK Inklusi-awal (domain + metode),Permian wells production + K-Means clustering | Sinyal judul/abstrak: domain[petro] metode[k-means;clustering;cluster] preproc[normaliz;scaling;feature extraction],P1-direct
32,Automated 3D Multivariate Domaining of a Mine Tailings Deposit Using a Continuity-Aware Geostatistical–AI Workflow,2025,Minerals,10.3390/min15121249,Include,OK Inklusi-awal (domain + metode),tailings drillholes + k-means GMM workflow | Depth-sequence drillhole clustering with preprocessing,P2-transfer
82,Automatic classification with an autoencoder of seismic signals on a distributed acoustic sensing cable,2023,Computers and Geotechnics,10.1016/j.compgeo.2022.105223,Include,OK Inklusi-awal (domain + metode),FORGE DAS seismic + autoencoder GMM clustering | Same FORGE site autoencoder GMM seismic signals,P2-transfer
161,CLUSTERING ANALYSIS FOR PREDICTIVE MAINTENANCE OF OIL WELLS IN KAZAKHSTAN,2026,SOCAR Proceedings,10.5510/OGP20260101153,Include,OK Inklusi-awal (domain + metode),oil wells production + K-means clustering | Daily production K-means predictive maintenance clustering,P2-transfer
98,"Channelized, distributed, and disconnected: Spatial structure and temporal evolution of the subglacial drainage under a valley glacier in the Yukon",2023,Cryosphere,10.5194/tc-17-761-2023,Include,OK Inklusi-awal (domain + metode),borehole pressure sensors + clustering | 157 pressure sensors water-pressure record clustering,P2-transfer
72,Comprehensive analysis and modeling of landfill leachate,2022,Waste Management,10.1016/j.wasman.2022.04.030,Exclude,E2 Bukan data sensor time-series,"E2 | Static leachate chemistry, not sensor time-series",-
162,"Dental fear and anxiety and its sociodemographic associations among public and private schoolchildren aged 8 to 12 years in Depok, Indonesia: a cross-sectional study",2026,BMC Oral Health,10.1186/s12903-026-08481-6,Exclude,E1 Off-topic (tak ada transfer ke sensor industri),"E1 | Dental anxiety survey, medical no sensor transfer",-
134,Dissecting 20 million years of deep-water forearc sediment routing using an integrated basin-wide Bayesian chronostratigraphic framework,2024,Bulletin of the Geological Society of America,10.1130/B37194.1,Exclude,E3 Tanpa metode clustering + tanpa kaitan domain,"E3 | Bayesian stratigraphy, no clustering no sensor link",-
139,Efficient Sedimentary Facies Recognition Using Vision Transformer and Weakly Supervised Deep Multi-View Clustering,2025,IEEE Access,10.1109/ACCESS.2025.3562544,Exclude,E2 Bukan data sensor time-series,"E2 | Facies images Vision Transformer, image-only no time-series",-
163,Enhanced Marine Radar Oil Spill Detection via Feature Guidance and BBO-SA Hybrid Optimization,2026,Remote Sensing,10.3390/rs18101551,Exclude,E2 Bukan data sensor time-series,"E2 | Marine radar images, image-only not time-series",-
43,Enhanced anomaly detection in well log data through the application of ensemble GANs,2026,Applied Computing and Geosciences,10.1016/j.acags.2025.100316,Include,OK Inklusi-awal (domain + metode),well logs + ensemble GANs GMM anomaly detection | Sinyal judul/abstrak: domain[drill;petro] metode[gmm;gaussian mixture] preproc[robust],P1-direct
153,Essential time series characteristics for human motion analysis based on Self-Organizing Map clustering,2026,Acta Gymnica,10.5507/ag.2026.004,Include,OK Inklusi-awal (domain + metode),inertial sensors + SOM clustering | Accelerometer gyroscope time-series SOM transferable method,P2-transfer
89,Evident Dependence of Dynamics of Baseflow on Groundwater Across the Contiguous United States,2026,Water Resources Research,10.1029/2025WR042225,Maybe,"CEK Full-text (domain cocok, metode perlu verifikasi)","needs-fulltext | Groundwater discharge time-series, clustering method unclear",P2-transfer
167,Fast mass transfer processes of interfering trapped CO2-clusters at reservoir conditions: Experiment and theory,2025,Geoenergy Science and Engineering,10.1016/j.geoen.2024.213509,Exclude,E3 Tanpa metode clustering + tanpa kaitan domain,"E3 | Physical CO2 bubbles, no ML clustering method",-
61,Feature-based time series clustering for efficient labelling of geothermal data,2026,Geothermics,10.1016/j.geothermics.2026.103656,Include,OK Inklusi-awal (domain + metode),geothermal plant sensors + time-series clustering | Sinyal judul/abstrak: domain[geothermal] metode[k-means;gaussian mixture;clustering;cluster] preproc[feature engineering],P1-direct
108,"Geochemical exploration for tantalum in coltan-rich pegmatites at Bewadze-Mankoadze area of the Kibi-Winneba Belt, southern Ghana: Constraints from exploratory data analysis",2024,Heliyon,10.1016/j.heliyon.2024.e38176,Exclude,E3 Tanpa metode clustering + tanpa kaitan domain,"E3 | Static tantalum geochemistry, no clustering method",-
123,Improved well logs clustering algorithm for shale gas identification and formation evaluation,2021,Acta Geodaetica et Geophysica,10.1007/s40328-021-00358-0,Include,OK Inklusi-awal (domain + metode),shale well logs + robust K-means clustering | Sinyal judul/abstrak: domain[petro] metode[k-means;clustering;cluster] preproc[outlier;robust],P1-direct
118,Improving Subsurface Characterisation with ‘Big Data’ Mining and Machine Learning,2022,Energies,10.3390/en15031070,Include,OK Inklusi-awal (domain + metode),reservoir wells + clustering SOM | Basin-scale clustering missing noisy data workflow,P2-transfer
62,Integrating Two-Tier Optimization Algorithm With Convolutional Bi-LSTM Model for Robust Anomaly Detection in Autonomous Vehicles,2025,IEEE Access,10.1109/ACCESS.2024.3523539,Include,OK Inklusi-awal (domain + metode),vehicle sensors + anomaly detection | Autonomous vehicle sensor anomaly detection transferable,P2-transfer
137,"Integrating susceptibility, vulnerability and exposure for screening level sinkhole risk mapping in Metropolitan Rome (Italy)",2026,Engineering Geology,10.1016/j.enggeo.2026.108740,Exclude,E3 Tanpa metode clustering + tanpa kaitan domain,"E3 | Sinkhole XGBoost supervised, no clustering no sensor",-
127,Jointly Modeling Dynamic Dependence and Volatility in Natural Resource and Energy Indices Using a Multivariate t-Copula eGARCH Model,2026,Journal of Statistical Theory and Practice,10.1007/s42519-026-00631-x,Exclude,E1 Off-topic (tak ada transfer ke sensor industri),"E1 | Financial indices volatility, finance no sensor transfer",-
49,Learning from nighttime observations of gas flaring in north dakota for better decision and policy making,2021,Remote Sensing,10.3390/rs13050941,Include,OK Inklusi-awal (domain + metode),flaring satellite sensor + GMM Gaussian-process | VIIRS flaring time-series GP GMM unsupervised,P2-transfer
58,Machine Learning in Oil and Gas Exploration: A Review,2024,IEEE Access,10.1109/ACCESS.2023.3349216,Maybe,"CEK Full-text (domain cocok, metode perlu verifikasi)",needs-fulltext | Sinyal judul/abstrak: domain[petro;oil and gas] metode[clustering;cluster] preproc[robust],P1-direct
117,Monitoring seismicity triggered by geothermal site shutdown with a surface DAS array at Brady Hot Springs,2023,Geophysical Journal International,10.1093/gji/ggad333,Include,OK Inklusi-awal (domain + metode),geothermal DAS + detection clustering | Sinyal judul/abstrak: domain[geothermal] metode[clustering;cluster] preproc[outlier],P1-direct
56,Multivariate Simulation in Non-Stationary Domains: A Framework for Accurate Data Reproduction,2025,Minerals,10.3390/min15111145,Include,OK Inklusi-awal (domain + metode),drillholes + GMM outlier detection | Core RC drillholes GMM PPMT simulation framework,P2-transfer
21,"Multivariate Statistical Analysis and S-A Multifractal Modeling of Lithogeochemical Data for Mineral Exploration: A Case Study from the Buerhantu Area, Hadamengou Gold Orefield, Inner Mongolia, China",2025,Geosciences (Switzerland),10.3390/geosciences15120473,Exclude,E3 Tanpa metode clustering + tanpa kaitan domain,"E3 | Static lithogeochemistry PCA, no clustering method",-
105,Multivariate and geochemical analyses of brines in Devonian strata of the Western Canada Sedimentary Basin for geothermal energy development,2022,Geothermics,10.1016/j.geothermics.2022.102498,Exclude,E2 Bukan data sensor time-series,"E2 | Static brine chemistry, not sensor time-series",-
52,Multivariate compositional analysis of groundwater geochemistry in the Georgina Basin: New insights for sediment-hosted mineral systems,2025,Journal of Geochemical Exploration,10.1016/j.gexplo.2025.107857,Exclude,E2 Bukan data sensor time-series,"E2 | Static groundwater chemistry, not sensor time-series",-
44,Productivity zoning and petrophysical assessment in the Munich metropolitan area for hydro-geothermal utilization using multivariate methods,2025,Geothermal Energy,10.1186/s40517-025-00342-9,Exclude,E2 Bukan data sensor time-series,"E2 | Aggregated geothermal parameters, static not time-series",-
101,Real-Time Sand Transport Detection in an Offshore Hydrocarbon Well Using Distributed Acoustic Sensing-Based VSP Technology: Field Data Analysis and Operational Insights,2026,Technologies,10.3390/technologies14030175,Maybe,"CEK Full-text (domain cocok, metode perlu verifikasi)","needs-fulltext | DAS well sand monitoring, clustering unclear full-text",P2-transfer
133,Real-Time Structural Health Assessment of a Cascade Dam Group Utilizing Monitoring Data and Ordered Entropy,2026,Structural Control and Health Monitoring,10.1155/stc/4274587,Include,OK Inklusi-awal (domain + metode),dam monitoring sensors + DBSCAN | Monitoring data Apriori-DBSCAN PCA health assessment,P2-transfer
68,Regional scale evaluation of nitrate fluctuations in groundwater using cluster analysis and standardised hydrometeorological indices,2024,Journal of Hydrology,10.1016/j.jhydrol.2024.131052,Include,OK Inklusi-awal (domain + metode),groundwater nitrate time-series + K-means | 96 nitrate series hierarchical K-means clustering,P2-transfer
77,Research on an intelligent drilling parameter optimization method using sliding window segmentation based on the hydraulic-mechanical specific energy model,2026,PLOS ONE,10.1371/journal.pone.0339324,Include,OK Inklusi-awal (domain + metode),drilling sensors + sliding-window anomaly detection | Sinyal judul/abstrak: domain[drill;rate of penetration;weight on bit;oil and gas] metode[k means;clustering;cluster] preproc[preprocess;sliding window;outlier],P1-direct
78,Shoreliner: A Sub-Pixel Coastal Waterline Extraction Pipeline for Multi-Spectral Satellite Optical Imagery,2024,Remote Sensing,10.3390/rs16152795,Exclude,E2 Bukan data sensor time-series,"E2 | Satellite optical imagery, image-only classification",-
126,"Temporal and petrogenetic links between mesoproterozoic alkaline and carbonatite magmas at Mountain Pass, California",2022,Economic Geology,10.5382/econgeo.4848,Exclude,E3 Tanpa metode clustering + tanpa kaitan domain,"E3 | Zircon geochronology, no clustering no sensor",-
115,"The interaction of occupational stress, mental health, and cytokine levels on sleep in Xinjiang oil workers: A cross-sectional study",2022,Frontiers in Psychiatry,10.3389/fpsyt.2022.924471,Exclude,E1 Off-topic (tak ada transfer ke sensor industri),"E1 | Oil workers sleep survey, medical no sensor",-
144,Training deep learning models with a multi-station approach and static aquifer attributes for groundwater level simulation: what is the best way to leverage regionalised information?,2025,Hydrology and Earth System Sciences,10.5194/hess-29-841-2025,Include,OK Inklusi-awal (domain + metode),groundwater level sensors + clustering | GWL time-series spectral clustering aids LSTM,P2-transfer
9,Understanding drivers of oil and gas well integrity issues in the greater wattenberg area of Colorado,2025,International Journal of Greenhouse Gas Control,10.1016/j.ijggc.2024.104296,Maybe,"CEK Full-text (domain cocok, metode perlu verifikasi)",needs-fulltext | Sinyal judul/abstrak: domain[oil and gas] metode[cluster] preproc[robust],P1-direct
138,Universal Representations for Well-Logging Data via Ensembling of Self-Supervised Models,2024,Doklady Mathematics,10.1134/S1064562424602257,Include,OK Inklusi-awal (domain + metode),well logs + self-supervised clustering | Oil gas logs self-supervised VAE clustering evaluation,P2-transfer
150,Unsupervised clustering of catalogue-driven features for characterizing temporal evolution of labquake stress,2024,Geophysical Journal International,10.1093/gji/ggae071,Include,OK Inklusi-awal (domain + metode),AE catalogue + K-means clustering | Labquake AE features K-means geothermal relevant,P2-transfer
154,Unsupervised learning from three-component accelerometer data to monitor the spatiotemporal evolution of meso-scale hydraulic fractures,2022,International Journal of Rock Mechanics and Mining Sciences,10.1016/j.ijrmms.2022.105046,Include,OK Inklusi-awal (domain + metode),EGS accelerometer + density clustering | Single accelerometer manifold density fracture monitoring,P2-transfer
29,"Vegetation dynamics in a disturbed lacustrine record: The Eocene maar lake of Groß-Zimmern (Hesse, SW Germany)",2023,Palaeobiodiversity and Palaeoenvironments,10.1007/s12549-022-00543-1,Exclude,E2 Bukan data sensor time-series,"E2 | Palynomorph core assemblages static, not sensor",-
30,A Deep Learning Based Data Recovery Approach for Missing and Erroneous Data of IoT Nodes,2023,Sensors,10.3390/s23010170,Include,OK Inklusi-awal (domain + metode),domain+method | IoT hydraulic rig time-series; clustering plus ST-LSTM recovery,P2-transfer
73,A Physically Constrained KPP–Rate-and-State Reaction–Diffusion Framework for Stable Large-Scale Modeling of Stress Evolution,2026,Electronics (Switzerland),10.3390/electronics15051131,Exclude,E3 Tanpa metode clustering + tanpa kaitan domain,"E3 | Theoretical PDE framework; no clustering, no sensor data",-
110,A semblance-based microseismic event detector for DAS data,2024,Geophysical Journal International,10.1093/gji/ggae016,Include,OK Inklusi-awal (domain + metode),domain+method | FORGE Utah DAS seismic sensors; coherence event detection with clustering,P2-transfer
169,A two-step machine learning approach for predictive maintenance and anomaly detection in environmental sensor systems,2025,MethodsX,10.1016/j.mex.2025.103181,Include,OK Inklusi-awal (domain + metode),domain+method | Environmental sensor telemetry; Isolation Forest unsupervised anomaly labeling,P2-transfer
8,AI-Supported Process Monitoring in Machining In-Process Quality Assurance of Inhomogeneous Materials Using Feature-Based Machine Learning Methods; [KI-gestützte Prozessüberwachung in der spanenden Fertigung - In-Prozess-Qualitäts-sicherung von inhomogenen Materialien mittels merkmalsbasierter Machine-Learning-Methoden],2025,ZWF Zeitschrift fuer Wirtschaftlichen Fabrikbetrieb,10.1515/zwf-2024-0136,Include,OK Inklusi-awal (domain + metode),domain+method | Milling acceleration/force sensors; anomaly detection and classification,P2-transfer
120,ALSTMResNet: Active-Learning-Enhanced LSTMResNet as an Efficiency-Oriented Training Framework for Well Anomaly Monitoring Under Partial Labels,2026,Processes,10.3390/pr14152381,Maybe,"CEK Full-text (domain cocok, metode perlu verifikasi)","needs-fulltext | Oil-well anomaly monitoring; supervised LSTM, clustering unclear",P2-transfer
172,"Acrylamide mitigation and 2,4-decadienal elimination in potato-crisps using L-proline accompanied by modified processing conditions",2023,Journal of Food Science and Technology,10.1007/s13197-021-05328-6,Exclude,E1 Off-topic (tak ada transfer ke sensor industri),"E1 | Food chemistry frying study; no sensors, no clustering",-
27,An Interactive Web-Based Dashboard to Examine Trending Topics: Application to Financial Journals,2023,Journal of Information and Knowledge Management,10.1142/S0219649223500405,Exclude,E1 Off-topic (tak ada transfer ke sensor industri),"E1 | Financial journal text dashboard; off-topic, no sensors",-
173,"Analysis method and indicator optimization of astronomical cycles in lacustrine fine-grained sedimentary strata-a case study of the Es4scs in well niuye 1, Dongying Sag, Jiyang Depression, Bohai Bay Basin",2026,Geomechanics and Geophysics for Geo-Energy and Geo-Resources,10.1007/s40948-026-01154-2,Maybe,"CEK Full-text (domain cocok, metode perlu verifikasi)",needs-fulltext | Well-log time-series cyclostratigraphy; clustering method unclear,P2-transfer
74,Anomaly Detection in Borehole Strain Data with CNN and Frequency-Aware VAE,2025,Journal of Advanced Computational Intelligence and Intelligent Informatics,10.20965/jaciii.2025.p1390,Include,OK Inklusi-awal (domain + metode),domain+method | Sinyal judul/abstrak: domain[borehole] metode[] preproc[denois],P1-direct
33,Anomaly detection in log-event sequences: A federated deep learning approach and open challenges,2024,Machine Learning with Applications,10.1016/j.mlwa.2024.100554,Exclude,E2 Bukan data sensor time-series,"E2 | HDFS computer log sequences; text data, not sensors",-
57,Anomaly detection with domain specific shapelet learning for sucker rod pump system,2025,Scientific Reports,10.1038/s41598-025-11945-4,Include,OK Inklusi-awal (domain + metode),domain+method | Sinyal judul/abstrak: domain[petro] metode[] preproc[feature extraction;outlier;robust],P1-direct
170,Assessment and outlook of large-scale underground hydrogen storage in Western Australia,2026,Tunnelling and Underground Space Technology,10.1016/j.tust.2026.107824,Exclude,E3 Tanpa metode clustering + tanpa kaitan domain,E3 | Hydrogen storage techno-economic review; no clustering or sensors,-
1,Assessment of groundwater quality and exposure risks in a rural mining district of Ghana using multivariate and probabilistic approaches,2025,Discover Geoscience,10.1007/s44288-025-00355-8,Exclude,E2 Bukan data sensor time-series,E2 | Static groundwater samples; SOM present but not sensor series,-
122,"Assessment of physico-chemical water parameters and health risk characterization in the mining areas of Siguiri, Guinea",2026,Discover public health,10.1186/s12982-026-01400-8,Exclude,E2 Bukan data sensor time-series,E2 | Static water samples; clusters but not sensor time-series,-
17,Automatic calibration of wellbore pressure wave velocity using perforation-induced shock waves,2026,Scientific Reports,10.1038/s41598-026-45490-5,Maybe,"CEK Full-text (domain cocok, metode perlu verifikasi)",needs-fulltext | Sinyal judul/abstrak: domain[wellbore] metode[cluster] preproc[],P1-direct
22,"Characterization and Numerical Modeling of Shallow Marine Turbidite Depositional Systems: A Case Study from the Second Member of the Yinggehai Formation, X Gas Field, Yinggehai Basin",2025,Journal of Marine Science and Engineering,10.3390/jmse13061107,Exclude,E3 Tanpa metode clustering + tanpa kaitan domain,"E3 | Sedimentary simulation; geological clusters, no sensor clustering",-
97,"Community mobilisation for adoption of clean cookstoves and clean fuel to reduce household air pollution and blood pressure in Lagos, Nigeria: protocol for a cluster-randomised trial",2025,BMJ Open ,10.1136/bmjopen-2024-098483,Exclude,E1 Off-topic (tak ada transfer ke sensor industri),"E1 | Cookstove health trial; cluster-RCT design, off-topic",-
158,Data-Augmented Deep Learning for Downhole Depth Sensing and Validation,2026,Sensors,10.3390/s26030775,Maybe,"CEK Full-text (domain cocok, metode perlu verifikasi)",needs-fulltext | Downhole CCL sensor waveforms; supervised collar recognition,P2-transfer
67,Data-Driven Time-Series Modeling for Intelligent Extraction of Reservoir Development Indicators,2025,Energies,10.3390/en18215753,Include,OK Inklusi-awal (domain + metode),domain+method | Sinyal judul/abstrak: domain[petro;oilfield] metode[] preproc[preprocess;outlier;robust],P1-direct
3,Detecting the occurrence of preferential flow in soils with stable water isotopes,2026,Hydrology and Earth System Sciences,10.5194/hess-30-485-2026,Exclude,E2 Bukan data sensor time-series,E2 | Soil isotope depth profiles; not industrial sensor series,-
175,Drone-Based Statistical Detection of Methane Anomalies Around Abandoned Oil and Gas Well Sites,2026,Sensors,10.3390/s26072205,Include,OK Inklusi-awal (domain + metode),domain+method | Sinyal judul/abstrak: domain[oil and gas] metode[] preproc[outlier],P1-direct
50,Early Leak Recognition and Classification in Two-Phase Flow Systems Based on Machine Learning Using Dynamic Pressure Signals,2026,IEEE Open Journal of Instrumentation and Measurement,10.1109/OJIM.2026.3706192,Maybe,"CEK Full-text (domain cocok, metode perlu verifikasi)","needs-fulltext | Pipeline pressure signals; supervised leak classifiers, sliding windows",P2-transfer
107,Establishment of leakage detection model for oil and gas pipeline based on VMD-MD-1DCNN,2022,Engineering Research Express,10.1088/2631-8695/ac769e,Maybe,"CEK Full-text (domain cocok, metode perlu verifikasi)",needs-fulltext | Sinyal judul/abstrak: domain[oil and gas] metode[] preproc[preprocess;denois],P1-direct
136,Fumaroles as Geothermal Refugia for Bryophytes in the Khaybar White Volcano Geopark (Saudi Arabia): Biogeographic and Ecological Insights,2026,"Cryptogamie, Bryologie",10.5252/cryptogamie-bryologie2026v47a6,Exclude,E1 Off-topic (tak ada transfer ke sensor industri),"E1 | Bryophyte fumarole ecology; geothermal setting only, off-topic",-
75,Generalized functionals for qualification of geological carbon storage injection sites,2024,International Journal of Greenhouse Gas Control,10.1016/j.ijggc.2024.104167,Exclude,E3 Tanpa metode clustering + tanpa kaitan domain,E3 | Storage site math functionals; no clustering or sensors,-
87,Groundwater pollution assessment using statistical and index based methods in the Wassa area Ghana and its implications for human health,2025,Discover Environment,10.1007/s44274-025-00380-x,Exclude,E2 Bukan data sensor time-series,E2 | Static groundwater samples; HCA present but not sensor series,-
81,High-Dimensional Mapping Entropy Method and Its Application in the Fault Diagnosis of Reciprocating Compressors,2023,Applied Sciences (Switzerland),10.3390/app132413084,Include,OK Inklusi-awal (domain + metode),domain+method | Reciprocating compressor signals; entropy features plus pattern recognition,P2-transfer
100,Hybrid Demand Forecasting in Fuel Supply Chains: ARIMA with Non-Homogeneous Markov Chains and Feature-Conditioned Evaluation,2025,Energies,10.3390/en18226044,Exclude,E3 Tanpa metode clustering + tanpa kaitan domain,"E3 | Fuel demand forecasting; ARIMA-Markov, no sensors or clustering",-
114,Hybrid Machine Learning-Based Fault-Tolerant Sensor Data Fusion and Anomaly Detection for Fire Risk Mitigation in IIoT Environment,2025,Sensors,10.3390/s25072146,Include,OK Inklusi-awal (domain + metode),domain+method | Oil/gas IIoT fire sensors; anomaly detection and fusion,P2-transfer
19,"Hydrochemistry and environmental isotope signatures (δ18O and δ2H) in the crystalline basement groundwater system of Oye-Ekiti, southwestern Nigeria",2026,Scientific Reports,10.1038/s41598-026-50252-4,Exclude,E2 Bukan data sensor time-series,E2 | Static groundwater isotope samples; no clustering or sensors,-
104,"Integrated investment, retrofit and abandonment energy system planning with multi-timescale uncertainty using stabilised adaptive Benders decomposition",2025,European Journal of Operational Research,10.1016/j.ejor.2025.04.005,Exclude,E3 Tanpa metode clustering + tanpa kaitan domain,E3 | Energy planning optimization; no clustering or sensor data,-
91,Investigating the origin of azimuthal site-response variability using KiK-net data: a twofold spectral ratio approach,2026,"Earth, Planets and Space",10.1186/s40623-026-02494-9,Include,OK Inklusi-awal (domain + metode),domain+method | KiK-net seismic sensor arrays; Gaussian mixture clustering of peaks,P2-transfer
45,Leveraging EnMAP hyperspectral data for mineral exploration: Examples from different deposit types,2025,Ore Geology Reviews,10.1016/j.oregeorev.2025.106912,Exclude,E2 Bukan data sensor time-series,"E2 | Satellite hyperspectral images; mineral mapping, not time-series",-
26,Localization of Thermal Wellbore Defects Using Machine Learning,2022,"Journal of Energy Resources Technology, Transactions of the ASME",10.1115/1.4053516,Include,OK Inklusi-awal (domain + metode),domain+method | Sinyal judul/abstrak: domain[wellbore;borehole;geothermal] metode[clustering;cluster] preproc[],P1-direct
28,"Machine-Learning-Based Integrated Mining Big Data and Multi-Dimensional Ore-Forming Prediction: A Case Study of Yanshan Iron Mine, Hebei, China",2025,Applied Sciences (Switzerland),10.3390/app15084082,Include,OK Inklusi-awal (domain + metode),domain+method | Mine drilling and spectral data; SOM clustering present,P2-transfer
119,Monitoring IoT and Robotics Data for Sustainable Agricultural Practices Using a New Edge–Fog–Cloud Architecture †,2026,Computers,10.3390/computers15010032,Maybe,"CEK Full-text (domain cocok, metode perlu verifikasi)",needs-fulltext | Agri IoT data architecture; no clustering method shown,P2-transfer
38,Morphological and multivariate statistical analysis of quaternary monogenetic vents in the Central Anatolian Volcanic Province (Turkey): Implications for the volcano-tectonic evolution,2021,Journal of Volcanology and Geothermal Research,10.1016/j.jvolgeores.2021.107280,Exclude,E2 Bukan data sensor time-series,"E2 | Static volcano morphology; spatial groups, not sensor series",-
65,Multivariate interrelatedness of geotechnical and petrophysical properties towards developing near-surface lithology clusters in a sedimentary terrain,2022,Bulletin of Engineering Geology and the Environment,10.1007/s10064-022-02755-3,Exclude,E2 Bukan data sensor time-series,"E2 | Hierarchical clustering but static lab/field data, no time-series",-
94,OPDNet: An Offshore Platform Detection Network Based on Bitemporal Bimodal Remote-Sensing Images and a Pseudo-Siamese Structure,2025,IEEE Journal of Selected Topics in Applied Earth Observations and Remote Sensing,10.1109/JSTARS.2025.3539674,Exclude,E1 Off-topic (tak ada transfer ke sensor industri),"E1 | Remote-sensing image object detection, vision, no clustering",-
131,Oil and gas flow anomaly detection on offshore naturally flowing wells using deep neural networks,2024,Geoenergy Science and Engineering,10.1016/j.geoen.2024.213240,Maybe,"CEK Full-text (domain cocok, metode perlu verifikasi)",needs-fulltext | Sinyal judul/abstrak: domain[drill;petro;oil and gas] metode[] preproc[scaling],P1-direct
41,On Evaluating Black-Box Explainable AI Methods for Enhancing Anomaly Detection in Autonomous Driving Systems,2024,Sensors,10.3390/s24113515,Exclude,E1 Off-topic (tak ada transfer ke sensor industri),"E1 | Autonomous-vehicle network anomaly explanation, off-topic domain",-
66,One-class unsupervised deep autoencoder framework for multi-defect detection and localization in aluminum plates,2026,Results in Engineering,10.1016/j.rineng.2026.111829,Include,OK Inklusi-awal (domain + metode),sensor+unsupervised | Unsupervised autoencoder anomaly detection on acoustic sensor signals,P2-transfer
166,Optimization of Oil and Gas Pipeline Leakage Data and Defect Identification Based on Graph Neural Processing,2025,Annals of Data Science,10.1007/s40745-025-00619-7,Maybe,"CEK Full-text (domain cocok, metode perlu verifikasi)",needs-fulltext | Sinyal judul/abstrak: domain[oil and gas] metode[] preproc[feature extraction],P1-direct
90,Optimization of control-oriented AI models for real-time platform pitch prediction in hybrid wind-wave offshore systems,2025,Energy Reports,10.1016/j.egyr.2025.09.006,Exclude,E3 Tanpa metode clustering + tanpa kaitan domain,"E3 | Supervised pitch prediction on simulation, no clustering",-
135,PARMA-CC: A family of parallel multiphase approximate cluster combining algorithms,2023,Journal of Parallel and Distributed Computing,10.1016/j.jpdc.2023.02.001,Include,OK Inklusi-awal (domain + metode),sensor+clustering | Parallel clustering for high-rate sensor data volumes,P2-transfer
128,Parameterized Local Reduced Order Model of Stimulated Volume Evolution in Reservoirs,2025,International Journal for Numerical and Analytical Methods in Geomechanics,10.1002/nag.3988,Exclude,E2 Bukan data sensor time-series,"E2 | Reservoir simulation ROM, no sensor time-series",-
112,Probabilistic condition monitoring of azimuth thrusters based on acceleration measurements,2021,Machines,10.3390/machines9020039,Include,OK Inklusi-awal (domain + metode),drilling+anomaly-detection | Thruster vibration anomaly monitoring on drill ships,P2-transfer
156,Research on Vibration Signal Processing and Fault Diagnosis Algorithms for High-Pressure Quintuplex Pumps,2026,Sensors,10.3390/s26154917,Include,OK Inklusi-awal (domain + metode),drilling+unsupervised | Sinyal judul/abstrak: domain[drill;oil and gas] metode[] preproc[normaliz;robust],P1-direct
60,STADe: An unsupervised time-windows method of detecting anomalies in oil and gas Industrial Cyber-Physical Systems (ICPS) networks,2025,International Journal of Critical Infrastructure Protection,10.1016/j.ijcip.2025.100762,Include,OK Inklusi-awal (domain + metode),oil-gas+unsupervised | Sinyal judul/abstrak: domain[oil and gas] metode[] preproc[outlier],P1-direct
64,"Satellite Time-Series Analysis for Thermal Anomaly Detection in the Naples Urban Area, Italy",2024,Atmosphere,10.3390/atmos15050523,Exclude,E1 Off-topic (tak ada transfer ke sensor industri),"E1 | Urban heat-island satellite analysis, no industrial transfer",-
83,Semi-Autonomic AI LF-NMR Sensor for Industrial Prediction of Edible Oil Oxidation Status,2023,Sensors,10.3390/s23042125,Exclude,E1 Off-topic (tak ada transfer ke sensor industri),"E1 | Supervised CNN on edible-oil NMR sensor, food domain",-
132,"Shell Beds in Ordovician storm-to tide-dominated deposits, Daoura (Ougarta range), Algeria",2024,Bulletin of Geosciences,10.3140/bull.geosci.1894,Exclude,E3 Tanpa metode clustering + tanpa kaitan domain,"E3 | Ordovician shell-bed sedimentology, no ML or sensors",-
171,"Small-Magnitude Seismic Swarms in Central Utah (US): Interactions of Regional Tectonics, Local Structures and Hydrothermal Systems",2023,"Geochemistry, Geophysics, Geosystems",10.1029/2023GC010867,Include,OK Inklusi-awal (domain + metode),geothermal+clustering | Utah geothermal seismic swarms with waveform-based clustering,P2-transfer
125,"Systematic review of fiber-optic distributed acoustic sensing: advancements, applications, and challenges",2025,Optical Fiber Technology,10.1016/j.yofte.2025.104293,Maybe,"CEK Full-text (domain cocok, metode perlu verifikasi)",needs-fulltext | DAS fiber-optic sensing review across pipeline and seismic uses,P2-transfer
111,"Textural and Petrophysical Controls on Reservoir Quality: Insights from the Szentes Geothermal Field, Hungary",2026,Energies,10.3390/en19071688,Include,OK Inklusi-awal (domain + metode),geothermal+clustering | Sinyal judul/abstrak: domain[borehole;geothermal;petro] metode[clustering;cluster] preproc[],P1-direct
103,The Colombian geochronological database (CGD),2022,International Geology Review,10.1080/00206814.2021.1954556,Exclude,E2 Bukan data sensor time-series,"E2 | Geochronological database compilation, static ages, no sensors",-
6,The Ottawa River Gneiss Complex revisited: definition of the metamorphic core and detachment zone of a large Grenvillian metamorphic core complex,2024,Canadian Journal of Earth Sciences,10.1139/cjes-2023-0060,Exclude,E3 Tanpa metode clustering + tanpa kaitan domain,"E3 | Grenvillian tectonics description, no ML or sensors",-
51,The application of the CNN-BiLSTM-TPA model based on deep learning in porosity prediction,2026,Journal of Geophysics and Engineering,10.1093/jge/gxaf141,Maybe,"CEK Full-text (domain cocok, metode perlu verifikasi)","needs-fulltext | Supervised porosity prediction from well logs, domain reference",P2-transfer
5,Thermally robust LiPON synaptic transistors with tunable plasticity for reservoir computing,2026,npj Flexible Electronics,10.1038/s41528-026-00579-9,Exclude,E1 Off-topic (tak ada transfer ke sensor industri),"E1 | Synaptic transistor electronics, neuromorphic reservoir, off-topic",-
12,Tool condition monitoring method by anomaly segmentation of time-frequency images using acoustic emission in small hole drilling,2023,"Journal of Advanced Mechanical Design, Systems and Manufacturing",10.1299/jamdsm.2023jamdsm0034,Include,OK Inklusi-awal (domain + metode),drilling+anomaly-detection | Sinyal judul/abstrak: domain[drill] metode[] preproc[feature extraction],P1-direct
54,Toward basin-agnostic well log imputation and anomaly detection via a pre-trained time-series foundation model,2026,Energy Geoscience,10.1016/j.engeos.2026.100536,Include,OK Inklusi-awal (domain + metode),well-log+anomaly-detection | Sinyal judul/abstrak: domain[borehole;petro] metode[] preproc[missing;robust],P1-direct
53,Xplaces: Segmenting Physical Space Through Wi-Fi Traces Using Eigendecomposition and X-Means,2022,IEEE Access,10.1109/ACCESS.2022.3150006,Exclude,E1 Off-topic (tak ada transfer ke sensor industri),"E1 | Wi-Fi mobility X-means clustering, no industrial transfer",-
46,A measurement system for CO2and CH4emissions quantification of industrial sites using a new in situ concentration sensor operated on board uncrewed aircraft vehicles,2024,Atmospheric Measurement Techniques,10.5194/amt-17-4471-2024,Exclude,E3 Tanpa metode clustering + tanpa kaitan domain,"E3 | UAV gas quantification with mass balance, no clustering",-
79,Anomaly Detection in Geothermal Steam Production Time Series Using Singular Spectrum Analysis †,2025,Engineering Proceedings,10.3390/engproc2025107024,Include,OK Inklusi-awal (domain + metode),geothermal+anomaly-detection | Sinyal judul/abstrak: domain[geothermal] metode[] preproc[],P1-direct
16,Application-Oriented Data Analytics in Large-Scale Metal Sheet Bending,2023,Applied Sciences (Switzerland),10.3390/app132413187,Include,OK Inklusi-awal (domain + metode),industrial-sensor+clustering | K-medoids clustering of metal-forming time-series signals,P2-transfer
142,Development of a Hybrid IIoT-Deep Learning-Based System for Predictive Maintenance of Industrial Steam Boilers,2026,Sci,10.3390/sci8070149,Include,OK Inklusi-awal (domain + metode),domain+method | Industrial boiler multivariate time-series anomaly detection transferable,P2-transfer
7,External factors driving surface temperature changes above geothermal systems: answers from deep learning,2024,Frontiers in Earth Science,10.3389/feart.2024.1372621,Include,OK Inklusi-awal (domain + metode),domain+method | Sinyal judul/abstrak: domain[geothermal] metode[] preproc[],P1-direct
70,Fine-resolution mapping of pan-arctic lake ice-off phenology based on dense sentinel-2 time series data,2021,Remote Sensing,10.3390/rs13142742,Exclude,E1 Off-topic (tak ada transfer ke sensor industri),E1 | Arctic lake ice remote sensing no industrial transfer,-
86,Intelligent fault diagnosis for rotating machinery based on potential energy feature and adaptive transfer affinity propagation clustering,2021,Measurement Science and Technology,10.1088/1361-6501/abfef5,Include,OK Inklusi-awal (domain + metode),domain+method | Rotating machinery vibration affinity propagation clustering method,P2-transfer
15,One Class Fault Detection in Rotating Machinery Using Distributional Features from Triggered Acoustic Emission Data,2026,Electronics (Switzerland),10.3390/electronics15102105,Include,OK Inklusi-awal (domain + metode),domain+method | Acoustic emission one-class anomaly detection Isolation Forest LOF,P2-transfer
143,Reference station-based transfer learning for earthquake anomaly extraction from borehole strain data related to two earthquakes in China,2026,Big Earth Data,10.1080/20964471.2025.2581423,Include,OK Inklusi-awal (domain + metode),domain+method | Sinyal judul/abstrak: domain[borehole] metode[] preproc[],P1-direct
109,Research on the extraction of pre-seismic anomalies in borehole strain data of the Maduo earthquake based on the SVMD-Informer model,2025,Natural Hazards and Earth System Sciences,10.5194/nhess-25-3603-2025,Include,OK Inklusi-awal (domain + metode),domain+method | Sinyal judul/abstrak: domain[borehole] metode[] preproc[],P1-direct
147,Spectrogram-driven unsupervised autoencoder with isolation forest and one-class SVM for lab-scale wind turbine blade fault detection,2026,Energy and AI,10.1016/j.egyai.2026.100681,Include,OK Inklusi-awal (domain + metode),domain+method | Wind vibration unsupervised autoencoder Isolation Forest OCSVM,P2-transfer
10,Stuck Pipe Detection in Oil and Gas Drilling Operations Using Deep Learning Autoencoder for Anomaly Diagnosis,2025,Applied Sciences (Switzerland),10.3390/app15095042,Include,OK Inklusi-awal (domain + metode),domain+method | Sinyal judul/abstrak: domain[drill;oil and gas] metode[] preproc[],P1-direct
14,Unsupervised deep learning framework for early detection of wellbore trajectory deviation in drilling operations,2026,Frontiers in Artificial Intelligence,10.3389/frai.2026.1942787,Include,OK Inklusi-awal (domain + metode),domain+method | Sinyal judul/abstrak: domain[drill;wellbore] metode[] preproc[],P1-direct
92,Artificial Olfactory System for Distinguishing Oil-Contaminated Soils,2023,WSEAS Transactions on Environment and Development,10.37394/232015.2023.19.89,Exclude,E2 Bukan data sensor time-series,E2 | Static e-nose fingerprint classification no time-series clustering,-
76,"Episodic cluster headache with suspected giant cell arteritis, sinusitis-related headache, and dietary triggers: a case report",2026,Frontiers in Pain Research,10.3389/fpain.2026.1884385,Exclude,E1 Off-topic (tak ada transfer ke sensor industri),E1 | Medical headache case report no method transfer,-
159,Quantum-aware secure blockchain intrusion detection system for industrial IoT networks,2026,Scientific Reports,10.1038/s41598-025-31985-0,Exclude,E1 Off-topic (tak ada transfer ke sensor industri),E1 | Blockchain crypto network IDS no drilling transfer,-
168,VASA: an exploratory visualization tool for mapping spatio-temporal structure of mobility–a COVID-19 case study,2024,Cartography and Geographic Information Science,10.1080/15230406.2022.2156388,Exclude,E1 Off-topic (tak ada transfer ke sensor industri),E1 | COVID mobility visualization no industrial sensor transfer,-
24,Mycobacterium tuberculosis SecA2-dependent activation of host Rig-I/MAVs signaling is not conserved in Mycobacterium marinum,2024,PLoS ONE,10.1371/journal.pone.0281564,Exclude,E1 Off-topic (tak ada transfer ke sensor industri),E1 | Mycobacterial biology no sensor clustering link,-
121,Tracking the Unseen: AI-Driven Dashboards for Real-Time Detection of Calendar Anomalies in Cryptocurrency Markets,2025,Journal of Risk and Financial Management,10.3390/jrfm18120712,Exclude,E1 Off-topic (tak ada transfer ke sensor industri),E1 | Crypto market anomaly finance no industrial transfer,-
152,SPRY domains encode ubiquitin ligase specificity for ZAP and RIG-I,2026,PLOS Pathogens,10.1371/journal.ppat.1014195,Exclude,E1 Off-topic (tak ada transfer ke sensor industri),E1 | Protein ligase biology no sensor link,-
